,Overall Efficiency Score,Term Efficiency1,Term Efficiency2,Term Efficiency3,Term Efficiency4,Lamda1,Lamda2,Lamda3,Lamda4,Adjusted Overall Efficiency Score,Adjusted Term Efficiency1,Adjusted Term Efficiency2,Adjusted Term Efficiency3,Adjusted Term Efficiency4
0,0.0,1.0,0.5555555555555556,1.0,1.0, λ_0_7: 0.467, λ_1_7: 0.000, λ_2_7: 0.472, λ_3_7: 0.444,-0.5624999999999992,0.7777777777777777,0.5555555555555556,0.7777777777777778,0.7777777777777778
1,0.0,1.0,0.7647058823529411,1.0,1.0, λ_0_7: 0.600, λ_1_7: 0.000, λ_2_7: 0.000, λ_3_7: 0.000,0.07707253886010362,1.0,0.8823529411764706,1.0,0.9285714285714286
2,0.0,1.0,1.0,1.0,1.0, λ_0_7: 0.000, λ_1_7: 0.000, λ_2_7: 0.000, λ_3_7: 0.000,0.0625,1.0,1.0,1.0,1.0
3,0.0,0.9333333333333333,0.7058823529411764,1.0,1.0, λ_0_7: 0.600, λ_1_7: 0.000, λ_2_7: 0.000, λ_3_7: 0.600,0.07625598086124402,0.9666666666666667,0.8529411764705882,1.0,1.0
4,0.0,1.0,0.7352941176470589,1.0,1.0, λ_0_7: 0.600, λ_1_7: 0.000, λ_2_7: 0.000, λ_3_7: 0.000,0.07849604221635884,1.0,0.8676470588235294,1.0,0.9285714285714286
5,0.0,1.0,1.0,1.0,1.0, λ_0_7: 0.000, λ_1_7: 0.000, λ_2_7: 0.250, λ_3_7: 0.000,0.0625,1.0,1.0,1.0,1.0
6,0.0,0.7333333333333334,0.823529411764706,1.0,1.0, λ_0_7: 0.000, λ_1_7: 0.000, λ_2_7: 0.000, λ_3_7: 0.625,0.13783783783783785,0.8666666666666667,0.9117647058823529,0.875,0.8
7,0.0,1.0,0.3529411764705882,1.0,1.0, λ_0_7: 1.000, λ_1_7: 0.000, λ_2_7: 1.000, λ_3_7: 1.000,0.09239130434782608,1.0,0.6764705882352942,1.0,1.0
